Année de sortie de Gobelins;Diplôme;Dans quel pays ou quelle région française as-tu travaillé en 2015 ?
2009;CDNL;États-Unis
2012;CRPL;France – Languedoc-Roussillon-Midi-Pyrénées
2010;CRMA;France – Auvergne-Rhône-Alpes
2014;CRMA;Royaume-Uni
2008;MICNI;France – Île-de-France
2012;CDNL;Pays-Bas
2011;MICNI;Canada
2011;CRMA;France
2014;CRMA;France – Auvergne-Rhône-Alpes
2014;IDE;France – Île-de-France
2012;CRMA;France – Provence-Alpes-Côte d'Azur
2010;CRMA;France – Île-de-France
2013;autre;France – Auvergne-Rhône-Alpes
2012;CRMA;France – Île-de-France
2009;CRMA;France – Île-de-France
2009;CRMA;France – Île-de-France
2012;CRMA;Allemagne
2007;CRMA;France – Île-de-France
2011;MICNI;France – Île-de-France
2010;CDNL;France – Île-de-France
2013;CRMA;Suisse
2010;CRMA;France – Île-de-France
2012;CDNL;Pays-Bas
2014;CRMA;France – Auvergne-Rhône-Alpes
2015;CRMA;France – Île-de-France
2015;CRMA;France – Île-de-France
2015;IDE;France – Île-de-France
2012;CRMA;France – Île-de-France
2013;CDNL;Pays-Bas
2012;CRMA;Suède
2009;CRMA;France – Île-de-France
2012;CDNL;France – Île-de-France
2007;CRMA;Nomade (pas de lieu de travail fixe)
2014;CRMA;Japon
2013;CDNL;Pays-Bas
2015;CRMA;Norvège
2005;CDNL;France – Île-de-France
2014;autre;France – Auvergne-Rhône-Alpes
2013;CRMA;France – Auvergne-Rhône-Alpes
2015;MICNI;France – Île-de-France
2005;CRMA;France – Auvergne-Rhône-Alpes
2014;CRMA;Pays-Bas
2015;CRPL;France – Île-de-France
2014;GMD;France – Île-de-France
2010;CRMA;Pays-Bas
2013;CDNL;France – Île-de-France
2011;CRMA;Corée du Sud
2012;CRMA;France – Île-de-France
2007;CDNL;France – Auvergne-Rhône-Alpes
2008;CRMA;France – Île-de-France
2008;CRMA;Russie
2010;CRMA;France – Île-de-France
2006;CDNL;France – Île-de-France
2013;Animateur 3D;France – Île-de-France
2013;CRMA;Espagne
2013;CRMA;France – Auvergne-Rhône-Alpes
2009;CRMA;Royaume-Uni
2014;autre (préciser ci-dessous);France – Île-de-France
2013;IDE;France – Île-de-France
2013;Photographe;France – Île-de-France
2015;autre (préciser ci-dessous);France – Île-de-France
2009;CRMA;France – Alsace-Champagne-Ardenne-Lorraine
2013;CRFA;France – Île-de-France
2006;MICNI;France – Île-de-France
2010;MICNI;France – Île-de-France
2005;autre (préciser ci-dessous);France – Languedoc-Roussillon-Midi-Pyrénées
2012;CRFA;France – Île-de-France
2014;CRMA;Suède
2008;Photographe;France – Île-de-France
2013;CRFA;Canada
2013;GMD;France – Île-de-France
2005;autre (préciser ci-dessous);Canada
2013;CDNL;Pays-Bas
2011;autre (préciser ci-dessous);France – Île-de-France
2009;CRMA;Canada
2015;MICNI;France – Île-de-France
2009;CRMA;Suisse
2012;CDNL;Royaume-Uni
2012;MICNI;France – Île-de-France
2013;autre (préciser ci-dessous);France – Provence-Alpes-Côte d'Azur
2005;Photographe;Canada
2012;CRPL;Irlande
2013;CDNL;Pays-Bas
2011;LGPA;France – Île-de-France
2012;CDNL;France – Île-de-France
2012;Photographe;France – Île-de-France
2009;CRMA;France – Auvergne-Rhône-Alpes
2008;autre (préciser ci-dessous);Canada
2012;MICNI;France – Île-de-France
2005;autre (préciser ci-dessous);France – Languedoc-Roussillon-Midi-Pyrénées
2008;CRFA;France – Île-de-France
2011;CDNL;France – Nord-Pas-de-Calais-Picardie
2008;MICNI;France – Île-de-France
2013;MICNI;France – Île-de-France
2005;CRMA;France – Pays de la Loire
2007;MICNI;France – Île-de-France
2012;CRMA;France – Île-de-France
2012;CRMA;Royaume-Uni
2005;CRMA;France – Île-de-France
2007;CRMA;Canada
2010;autre (préciser ci-dessous);France – Île-de-France
2011;Animateur 3D;France – Aquitaine-Limousin-Poitou-Charentes
2013;CRPL;France – Île-de-France
1997;Photographe;France – Île-de-France
2009;Photographe;France – Île-de-France
2008;CRMA;France – Île-de-France
2014;CRPL;France – Île-de-France
2008;autre (préciser ci-dessous);États-Unis
2012;autre (préciser ci-dessous);France – Île-de-France
1999;autre (préciser ci-dessous);France – Île-de-France
2014;CRFA;Canada
2000;autre (préciser ci-dessous);France – Île-de-France
2013;CRPL;France – Île-de-France
2006;MICNI;Nomade (pas de lieu de travail fixe)
2012;Animateur 3D;France – Île-de-France
2012;IDE;France – Île-de-France
2008;CRMA;France – Nord-Pas-de-Calais-Picardie
2003;CDNL;France – Île-de-France
2014;CRMA;Danemark
2015;CRPL;France – Aquitaine-Limousin-Poitou-Charentes
2013;autre (préciser ci-dessous);France – Île-de-France
2006;LGPA;France – Île-de-France
2015;CRMA;France – Île-de-France
2014;CRMA;France – Île-de-France
2014;CRMA;États-Unis
2006;DIIT;France – Île-de-France
2010;CRMA;France – Auvergne-Rhône-Alpes
2010;CRFA;France – Île-de-France
2009;CRMA;France – Île-de-France
2009;autre (préciser ci-dessous);Royaume-Uni
2013;LGPA;France – Nord-Pas-de-Calais-Picardie
2012;CRMA;Royaume-Uni
2013;Photographe;France – Île-de-France
2013;CRFA;France – Île-de-France
1989;autre (préciser ci-dessous);France – Nord-Pas-de-Calais-Picardie
2012;CDNL;France – Île-de-France
2003;CRMA;Australie
2003;CDNL;France – Île-de-France
2010;CRMA;Nomade (pas de lieu de travail fixe)
2004;CRMA;Thaïlande
2008;CRMA;France – Île-de-France
2010;CRMA;États-Unis
1997;Photographe;France – Bretagne
2011;CRPL;France – Île-de-France
2011;CDNL;États-Unis
2013;CDNL;France – Île-de-France
1979;autre;France – Île-de-France
2012;LGPA;France – Île-de-France
1989;autre;France – Île-de-France
2015;CRMA;France – Île-de-France
2013;CRMA;France – Île-de-France
2013;MICNI;Pays-Bas
2009;autre;Nouvelle-Zélande
2006;Photographe;France – Île-de-France
2015;CRMA;France – Île-de-France
2014;CRMA;Suède
2014;autre;France – Île-de-France
2010;autre;France – Île-de-France
2013;CRFA;France – Île-de-France
2011;autre;France – Île-de-France
2007;CDNL;France – Île-de-France
2013;Photographe;France – Île-de-France
2008;MICNI;France – Île-de-France
2004;autre;France – Île-de-France
2012;CRFA;France – Île-de-France
2009;CDNL;France – Île-de-France
2013;LGPA;France – Île-de-France
2011;LGPA;France – Île-de-France
2003;CRMA;France – Île-de-France
2010;MICNI;Royaume-Uni
2014;autre;France – Île-de-France
2008;autre;France – Île-de-France
2005;MICNI;France – Île-de-France
2013;autre;Canada
2007;MICNI;France – Pays de la Loire
2013;CRMA;France – Auvergne-Rhône-Alpes
2000;autre;France – Nord-Pas-de-Calais-Picardie
2013;GMD;France – Île-de-France
2013;autre;France – Île-de-France
2009;MICNI;France – Île-de-France
2013;CRPL;France – Île-de-France
2003;autre;France – Nord-Pas-de-Calais-Picardie
2012;CDNL;Royaume-Uni
2008;CRMA;Canada
2002;autre;France – Île-de-France
2016;MICNI;France – Île-de-France
2015;CRMA;France – Île-de-France
2010;MICNI;France – Île-de-France
2014;Photographe;Royaume-Uni
2011;Animateur 3D;Nomade (pas de lieu de travail fixe)
2004;LGPA;France – Languedoc-Roussillon-Midi-Pyrénées
2007;MICNI;France – Île-de-France
2017;CRMA;France – Auvergne-Rhône-Alpes
2009;CRPL;États-Unis
2012;autre (préciser ci-dessous);France – Île-de-France
2013;MICNI;France – Île-de-France
2006;CDNL;France – Île-de-France
2010;MICNI;Cambodge
2012;LGPA;Irlande
2012;CDNL;Nomade (pas de lieu de travail fixe)
2008;MICNI;Royaume-Uni
2010;MICNI;Suisse
2009;MICNI;Royaume-Uni
2011;MICNI;France – Île-de-France
2000;CRMA;France – Pays de la Loire
2006;CRFA;États-Unis
2015;CRFA;France – Île-de-France
2014;CRMA;Pays-Bas
2009;CDNL;Canada
2015;autre;France – Île-de-France
2008;CRMA;Canada
2015;Photographe;France – Île-de-France
2015;autre;France – Île-de-France
1995;CRFA;France – Île-de-France
2016;autre;France – Île-de-France
2009;MICNI;France – Île-de-France
2003;CRMA;France – Languedoc-Roussillon-Midi-Pyrénées
2013;CDNL;Pays-Bas
2011;CRMA;États-Unis
2015;autre;France – Île-de-France
2007;CRFA;France – Île-de-France
2012;CRMA;France – Île-de-France
2012;Photographe;France – Alsace-Champagne-Ardenne-Lorraine
2010;MICNI;France – Nord-Pas-de-Calais-Picardie
2003;autre;France – Île-de-France
2011;MICNI;France – Île-de-France
2000;CRPL;France – Île-de-France
2006;MICNI;France – Provence-Alpes-Côte d'Azur
2005;CRMA;France – Île-de-France
2014;IDE;France – Auvergne-Rhône-Alpes
1985;autre;France – Île-de-France